session_id,sensor_id,config_generation,mount_id,calibration_id,sensor_epoch,sequence,sample_time_us,timing_source,measurements_valid,discontinuity,stationary,declaration,force_x_mps2,force_y_mps2,force_z_mps2,rate_x_rad_s,rate_y_rad_s,rate_z_rad_s
1,1,1,1,1,1,0,0,modelled,1,0,1,1,0,0,9.80665,0,0,0
1,1,1,1,1,1,1,10000,modelled,1,0,0,0,2,0.15403616331596623,9.805440177926275,1.5707963267948966,0,0
1,1,1,1,1,1,2,20000,modelled,1,0,0,0,2,0.3080343205135268,9.801811010210601,1.5707963267948966,0,0
1,1,1,1,1,1,3,30000,modelled,1,0,0,0,2,0.46195647485171715,9.795763392295802,1.5707963267948966,0,0
1,1,1,1,1,1,4,40000,modelled,1,0,0,0,2,0.615764648342141,9.787298816341108,1.5707963267948966,0,0
1,1,1,1,1,1,5,50000,modelled,1,0,0,0,2,0.7694208911194705,9.77641937085398,1.5707963267948966,0,0
1,1,1,1,1,1,6,60000,modelled,1,0,0,0,2,0.9228872908050083,9.763127740174793,1.5707963267948966,0,0
1,1,1,1,1,1,7,70000,modelled,1,0,0,0,2,1.076125981860999,9.747427203814537,1.5707963267948966,0,0
1,1,1,1,1,1,8,80000,modelled,1,0,0,0,2,1.2290991549333843,9.729321635645624,1.5707963267948966,0,0
1,1,1,1,1,1,9,90000,modelled,1,0,0,0,2,1.381769066180695,9.708815502946079,1.5707963267948966,0,0
1,1,1,1,1,1,10,100000,modelled,1,0,0,0,2,1.53409804658678,9.685913865297307,1.5707963267948966,0,0
1,1,1,1,1,1,11,110000,modelled,1,0,0,0,2,1.6860485112550714,9.660622373335713,1.5707963267948966,0,0
1,1,1,1,1,1,12,120000,modelled,1,0,0,0,2,1.8375829686820961,9.632947267358494,1.5707963267948966,0,0
1,1,1,1,1,1,13,130000,modelled,1,0,0,0,2,1.988664030007943,9.60289537578394,1.5707963267948966,0,0
1,1,1,1,1,1,14,140000,modelled,1,0,0,0,2,2.139254418241404,9.570474113466616,1.5707963267948966,0,0
1,1,1,1,1,1,15,150000,modelled,1,0,0,0,2,2.2893169774575144,9.535691479867875,1.5707963267948966,0,0
1,1,1,1,1,1,16,160000,modelled,1,0,0,0,2,2.438814681965223,9.498556057082089,1.5707963267948966,0,0
1,1,1,1,1,1,17,170000,modelled,1,0,0,0,2,2.5877106454429244,9.459077007719165,1.5707963267948966,0,0
1,1,1,1,1,1,18,180000,modelled,1,0,0,0,2,2.7359681300396077,9.417264072643793,1.5707963267948966,0,0
1,1,1,1,1,1,19,190000,modelled,1,0,0,0,2,2.883550555439373,9.373127568572043,1.5707963267948966,0,0
1,1,1,1,1,1,20,200000,modelled,1,0,0,0,2,3.0304215078870778,9.326678385525867,1.5707963267948966,0,0
1,1,1,1,1,1,21,210000,modelled,1,0,0,0,2,3.1765447491728818,9.277927984146146,1.5707963267948966,0,0
1,1,1,1,1,1,22,220000,modelled,1,0,0,0,2,3.3218842255734864,9.226888392864954,1.5707963267948966,0,0
1,1,1,1,1,1,23,230000,modelled,1,0,0,0,2,3.4664040767478514,9.173572204937718,1.5707963267948966,0,0
1,1,1,1,1,1,24,240000,modelled,1,0,0,0,2,3.6100686445851964,9.11799257533602,1.5707963267948966,0,0
1,1,1,1,1,1,25,250000,modelled,1,0,0,0,2,3.7528424820031074,9.06016321750181,1.5707963267948966,0,0
1,1,1,1,1,1,26,260000,modelled,1,0,0,0,2,3.8946903616935713,9.000098399963813,1.5707963267948966,0,0
1,1,1,1,1,1,27,270000,modelled,1,0,0,0,2,4.0355772848147895,8.93781294281699,1.5707963267948966,0,0
1,1,1,1,1,1,28,280000,modelled,1,0,0,0,2,4.17546848962662,8.87332221406589,1.5707963267948966,0,0
1,1,1,1,1,1,29,290000,modelled,1,0,0,0,2,4.31432946006751,8.806642125832841,1.5707963267948966,0,0
1,1,1,1,1,1,30,300000,modelled,1,0,0,0,2,4.452125934270826,8.737789130431857,1.5707963267948966,0,0
1,1,1,1,1,1,31,310000,modelled,1,0,0,0,2,4.588823913018452,8.666780216309284,1.5707963267948966,0,0
1,1,1,1,1,1,32,320000,modelled,1,0,0,0,2,4.724389668129587,8.593632903852154,1.5707963267948966,0,0
1,1,1,1,1,1,33,330000,modelled,1,0,0,0,2,4.85878975078267,8.518365241065288,1.5707963267948966,0,0
1,1,1,1,1,1,34,340000,modelled,1,0,0,0,2,4.991990999768379,8.440995799118223,1.5707963267948966,0,0
1,1,1,1,1,1,35,350000,modelled,1,0,0,0,2,5.123960549671659,8.361543667763058,1.5707963267948966,0,0
1,1,1,1,1,1,36,360000,modelled,1,0,0,0,2,5.254665838980777,8.280028450624336,1.5707963267948966,0,0
1,1,1,1,1,1,37,370000,modelled,1,0,0,0,2,5.384074618121379,8.196470260362148,1.5707963267948966,0,0
1,1,1,1,1,1,38,380000,modelled,1,0,0,0,2,5.512154957413596,8.110889713709632,1.5707963267948966,0,0
1,1,1,1,1,1,39,390000,modelled,1,0,0,0,2,5.638875254950217,8.023307926386106,1.5707963267948966,0,0
1,1,1,1,1,1,40,400000,modelled,1,0,0,0,2,5.764204244393981,7.933746507887078,1.5707963267948966,0,0
1,1,1,1,1,1,41,410000,modelled,1,0,0,0,2,5.888111002692079,7.842227556152427,1.5707963267948966,0,0
1,1,1,1,1,1,42,420000,modelled,1,0,0,0,2,6.010564957705961,7.748773652114064,1.5707963267948966,0,0
1,1,1,1,1,1,43,430000,modelled,1,0,0,0,2,6.131535895754542,7.653407854124431,1.5707963267948966,0,0
1,1,1,1,1,1,44,440000,modelled,1,0,0,0,2,6.250993969068987,7.556153692267193,1.5707963267948966,0,0
1,1,1,1,1,1,45,450000,modelled,1,0,0,0,2,6.368909703157195,7.457035162551543,1.5707963267948966,0,0
1,1,1,1,1,1,46,460000,modelled,1,0,0,0,2,6.4852540040761895,7.356076720991546,1.5707963267948966,0,0
1,1,1,1,1,1,47,470000,modelled,1,0,0,0,2,6.599998165610618,7.253303277571982,1.5707963267948966,0,0
1,1,1,1,1,1,48,480000,modelled,1,0,0,0,2,6.713113876355574,7.148740190102185,1.5707963267948966,0,0
1,1,1,1,1,1,49,490000,modelled,1,0,0,0,2,6.824573226702019,7.042413257959376,1.5707963267948966,0,0
1,1,1,1,1,1,50,500000,modelled,1,0,0,0,2,6.934348715723055,6.934348715723057,1.5707963267948966,0,0
1,1,1,1,1,1,51,510000,modelled,1,0,0,0,2,7.0424132579593754,6.824573226702019,1.5707963267948966,0,0
1,1,1,1,1,1,52,520000,modelled,1,0,0,0,2,7.148740190102185,6.713113876355574,1.5707963267948966,0,0
1,1,1,1,1,1,53,530000,modelled,1,0,0,0,2,7.253303277571983,6.599998165610618,1.5707963267948966,0,0
1,1,1,1,1,1,54,540000,modelled,1,0,0,0,2,7.356076720991546,6.485254004076191,1.5707963267948966,0,0
1,1,1,1,1,1,55,550000,modelled,1,0,0,0,2,7.457035162551543,6.368909703157195,1.5707963267948966,0,0
1,1,1,1,1,1,56,560000,modelled,1,0,0,0,2,7.556153692267193,6.250993969068988,1.5707963267948966,0,0
1,1,1,1,1,1,57,570000,modelled,1,0,0,0,2,7.65340785412443,6.131535895754543,1.5707963267948966,0,0
1,1,1,1,1,1,58,580000,modelled,1,0,0,0,2,7.748773652114064,6.010564957705961,1.5707963267948966,0,0
1,1,1,1,1,1,59,590000,modelled,1,0,0,0,2,7.842227556152426,5.8881110026920815,1.5707963267948966,0,0
1,1,1,1,1,1,60,600000,modelled,1,0,0,0,2,7.933746507887077,5.764204244393983,1.5707963267948966,0,0
1,1,1,1,1,1,61,610000,modelled,1,0,0,0,2,8.023307926386105,5.638875254950217,1.5707963267948966,0,0
1,1,1,1,1,1,62,620000,modelled,1,0,0,0,2,8.11088971370963,5.512154957413597,1.5707963267948966,0,0
1,1,1,1,1,1,63,630000,modelled,1,0,0,0,2,8.196470260362148,5.384074618121378,1.5707963267948966,0,0
1,1,1,1,1,1,64,640000,modelled,1,0,0,0,2,8.280028450624336,5.2546658389807765,1.5707963267948966,0,0
1,1,1,1,1,1,65,650000,modelled,1,0,0,0,2,8.361543667763058,5.1239605496716605,1.5707963267948966,0,0
1,1,1,1,1,1,66,660000,modelled,1,0,0,0,2,8.440995799118223,4.991990999768378,1.5707963267948966,0,0
1,1,1,1,1,1,67,670000,modelled,1,0,0,0,2,8.518365241065288,4.858789750782669,1.5707963267948966,0,0
1,1,1,1,1,1,68,680000,modelled,1,0,0,0,2,8.593632903852155,4.724389668129585,1.5707963267948966,0,0
1,1,1,1,1,1,69,690000,modelled,1,0,0,0,2,8.666780216309284,4.588823913018452,1.5707963267948966,0,0
1,1,1,1,1,1,70,700000,modelled,1,0,0,0,2,8.737789130431857,4.452125934270827,1.5707963267948966,0,0
1,1,1,1,1,1,71,710000,modelled,1,0,0,0,2,8.806642125832841,4.314329460067509,1.5707963267948966,0,0
1,1,1,1,1,1,72,720000,modelled,1,0,0,0,2,8.87332221406589,4.17546848962662,1.5707963267948966,0,0
1,1,1,1,1,1,73,730000,modelled,1,0,0,0,2,8.937812942816988,4.03557728481479,1.5707963267948966,0,0
1,1,1,1,1,1,74,740000,modelled,1,0,0,0,2,9.000098399963813,3.8946903616935704,1.5707963267948966,0,0
1,1,1,1,1,1,75,750000,modelled,1,0,0,0,2,9.06016321750181,3.752842482003108,1.5707963267948966,0,0
1,1,1,1,1,1,76,760000,modelled,1,0,0,0,2,9.11799257533602,3.610068644585198,1.5707963267948966,0,0
1,1,1,1,1,1,77,770000,modelled,1,0,0,0,2,9.173572204937717,3.466404076747852,1.5707963267948966,0,0
1,1,1,1,1,1,78,780000,modelled,1,0,0,0,2,9.226888392864954,3.3218842255734873,1.5707963267948966,0,0
1,1,1,1,1,1,79,790000,modelled,1,0,0,0,2,9.277927984146146,3.1765447491728818,1.5707963267948966,0,0
1,1,1,1,1,1,80,800000,modelled,1,0,0,0,2,9.326678385525867,3.030421507887078,1.5707963267948966,0,0
1,1,1,1,1,1,81,810000,modelled,1,0,0,0,2,9.373127568572043,2.883550555439375,1.5707963267948966,0,0
1,1,1,1,1,1,82,820000,modelled,1,0,0,0,2,9.417264072643793,2.73596813003961,1.5707963267948966,0,0
1,1,1,1,1,1,83,830000,modelled,1,0,0,0,2,9.459077007719165,2.5877106454429226,1.5707963267948966,0,0
1,1,1,1,1,1,84,840000,modelled,1,0,0,0,2,9.498556057082089,2.4388146819652228,1.5707963267948966,0,0
1,1,1,1,1,1,85,850000,modelled,1,0,0,0,2,9.535691479867875,2.2893169774575153,1.5707963267948966,0,0
1,1,1,1,1,1,86,860000,modelled,1,0,0,0,2,9.570474113466616,2.1392544182414053,1.5707963267948966,0,0
1,1,1,1,1,1,87,870000,modelled,1,0,0,0,2,9.60289537578394,1.9886640300079452,1.5707963267948966,0,0
1,1,1,1,1,1,88,880000,modelled,1,0,0,0,2,9.632947267358494,1.8375829686820975,1.5707963267948966,0,0
1,1,1,1,1,1,89,890000,modelled,1,0,0,0,2,9.660622373335713,1.6860485112550714,1.5707963267948966,0,0
1,1,1,1,1,1,90,900000,modelled,1,0,0,0,2,9.685913865297307,1.5340980465867804,1.5707963267948966,0,0
1,1,1,1,1,1,91,910000,modelled,1,0,0,0,2,9.708815502946079,1.3817690661806963,1.5707963267948966,0,0
1,1,1,1,1,1,92,920000,modelled,1,0,0,0,2,9.729321635645622,1.2290991549333865,1.5707963267948966,0,0
1,1,1,1,1,1,93,930000,modelled,1,0,0,0,2,9.747427203814537,1.076125981861,1.5707963267948966,0,0
1,1,1,1,1,1,94,940000,modelled,1,0,0,0,2,9.763127740174793,0.9228872908050081,1.5707963267948966,0,0
1,1,1,1,1,1,95,950000,modelled,1,0,0,0,2,9.77641937085398,0.7694208911194711,1.5707963267948966,0,0
1,1,1,1,1,1,96,960000,modelled,1,0,0,0,2,9.787298816341108,0.6157646483421425,1.5707963267948966,0,0
1,1,1,1,1,1,97,970000,modelled,1,0,0,0,2,9.795763392295802,0.46195647485171737,1.5707963267948966,0,0
1,1,1,1,1,1,98,980000,modelled,1,0,0,0,2,9.801811010210601,0.3080343205135278,1.5707963267948966,0,0
1,1,1,1,1,1,99,990000,modelled,1,0,0,0,2,9.805440177926275,0.15403616331596595,1.5707963267948966,0,0
1,1,1,1,1,1,100,1000000,modelled,1,0,0,0,2,9.80665,6.004841266429195e-16,1.5707963267948966,0,0
